line_id,ecosystem,anchor,components,scope,source,status,book_version,as_of,consume
spring-boot-2.7.x,maven,org.springframework.boot:spring-boot-dependencies@2.7.18,org.springframework@5.3.39 org.springframework.security@5.7.11,wave-1,Board 19 Aug 2026 and risk-navigator #7,in progress,v2026.10.02.2,2026-10-02T09:21:42Z,org.finos.osera:osera-bom-spring-boot-2.7.x@2026.09.24.130
spring-framework-5.3.x,maven,org.springframework:spring-framework-bom@5.3.39,,wave-1,Board 19 Aug 2026 and risk-navigator #7,in progress,v2026.10.02.2,2026-10-02T09:21:42Z,org.finos.osera:osera-bom-spring-framework-5.3.x@2026.09.24.15
spring-security-5.7.x,maven,org.springframework.security:spring-security-bom@5.7.11,,wave-1,Board 19 Aug 2026 and risk-navigator #7,in progress,v2026.10.02.2,2026-10-02T09:21:42Z,org.finos.osera:osera-bom-spring-security-5.7.x@2026.09.24.26
commons-beanutils-1.9.x,maven,commons-beanutils:commons-beanutils@1.9.4,,wave-2,Board 23 Sept 2026 option B,,,,
log4j-1.2.x,maven,log4j:log4j@1.2.17,,wave-2,Board 23 Sept 2026 option B,,,,
axis-1.4.x,maven,org.apache.axis:axis@1.4,,wave-2,Board 23 Sept 2026 option B,,,,
commons-text-1.9.x,maven,org.apache.commons:commons-text@1.9,,wave-2,Board 23 Sept 2026 option B,,,,
commons-text-1.8.x,maven,org.apache.commons:commons-text@1.8,,wave-2,Board 23 Sept 2026 option B,,,,
commons-text-1.7.x,maven,org.apache.commons:commons-text@1.7,,wave-2,Board 23 Sept 2026 option B,,,,
commons-text-1.6.x,maven,org.apache.commons:commons-text@1.6,,wave-2,Board 23 Sept 2026 option B,,,,
bouncycastle-1.78.x,maven,org.bouncycastle:bcpkix-jdk18on@1.78.1,,wave-2,Board 23 Sept 2026 option B,,,,
velocity-1.7.x,maven,org.apache.velocity:velocity@1.7,,wave-2,Board 23 Sept 2026 option B,,,,
velocity-1.6.x,maven,org.apache.velocity:velocity@1.6.4,,wave-2,Board 23 Sept 2026 option B,,,,
snakeyaml-1.9.x,maven,org.yaml:snakeyaml@1.9,,wave-2,Board 23 Sept 2026 option B,,,,
snakeyaml-1.23.x,maven,org.yaml:snakeyaml@1.23,,wave-2,Board 23 Sept 2026 option B,,,,
snakeyaml-1.19.x,maven,org.yaml:snakeyaml@1.19,,wave-2,Board 23 Sept 2026 option B,,,,
snakeyaml-1.17.x,maven,org.yaml:snakeyaml@1.17,,wave-2,Board 23 Sept 2026 option B,,,,
snakeyaml-1.16.x,maven,org.yaml:snakeyaml@1.16,,wave-2,Board 23 Sept 2026 option B,,,,
snakeyaml-1.29.x,maven,org.yaml:snakeyaml@1.29,,wave-2,Board 23 Sept 2026 option B,,,,
snakeyaml-1.28.x,maven,org.yaml:snakeyaml@1.28,,wave-2,Board 23 Sept 2026 option B,,,,
snakeyaml-1.27.x,maven,org.yaml:snakeyaml@1.27,,wave-2,Board 23 Sept 2026 option B,,,,
snakeyaml-1.26.x,maven,org.yaml:snakeyaml@1.26,,wave-2,Board 23 Sept 2026 option B,,,,
snakeyaml-1.31.x,maven,org.yaml:snakeyaml@1.31,,wave-2,Board 23 Sept 2026 option B,,,,
snakeyaml-1.33.x,maven,org.yaml:snakeyaml@1.33,,wave-2,Board 23 Sept 2026 option B,,,,
jackson-2.19.x,maven,com.fasterxml.jackson.core:jackson-databind@2.19.4,,wave-2,Board 23 Sept 2026 option B,,,,
jackson-2.15.x,maven,com.fasterxml.jackson.core:jackson-databind@2.15.4,,wave-2,Board 23 Sept 2026 option B,,,,
c3p0-0.9.x,maven,com.mchange:c3p0@0.9.5.5,,wave-2,Board 23 Sept 2026 option B,,,,
bouncycastle-1.46.x,maven,org.bouncycastle:bcmail-jdk15@1.46,,wave-2,Board 23 Sept 2026 option B,,,,
jetty-9.2.x,maven,org.eclipse.jetty:jetty-security@9.2.30.v20200428,,wave-2,Board 23 Sept 2026 option B,,,,
httpcore5-5.3.x,maven,org.apache.httpcomponents.core5:httpcore5-h2@5.3.6,,wave-2,Board 23 Sept 2026 option B,,,,
commons-configuration-1.9.x,maven,commons-configuration:commons-configuration@1.9,,wave-2,Board 23 Sept 2026 option B,,,,
commons-configuration-1.1.x,maven,commons-configuration:commons-configuration@1.1,,wave-2,Board 23 Sept 2026 option B,,,,
struts-1.3.x,maven,org.apache.struts:struts-tiles@1.3.10,,wave-2,Board 23 Sept 2026 option B,,,,
mchange-commons-0.2.x,maven,com.mchange:mchange-commons-java@0.2.20,,wave-2,Board 23 Sept 2026 option B,,,,
log4j2-2.24.x,maven,org.apache.logging.log4j:log4j-core@2.24.3,,wave-2,Board 23 Sept 2026 option B,,,,
lz4-java-1.8.x,maven,org.lz4:lz4-java@1.8.1,,wave-2,Board 23 Sept 2026 option B,,,,
bouncycastle-1.70.x,maven,org.bouncycastle:bcpkix-jdk15on@1.70,,wave-2,Board 23 Sept 2026 option B,,,,
bouncycastle-1.69.x,maven,org.bouncycastle:bcpkix-jdk15on@1.69,,wave-2,Board 23 Sept 2026 option B,,,,
httpclient5-5.5.x,maven,org.apache.httpcomponents.client5:httpclient5@5.5.2,,wave-2,Board 23 Sept 2026 option B,,,,
httpclient5-5.4.x,maven,org.apache.httpcomponents.client5:httpclient5@5.4.4,,wave-2,Board 23 Sept 2026 option B,,,,
